group,priority,target,url,contact_route,angle,notes,status
a_listicle,1,"Times of India (Lifestyle, Food News): '9 Desi snacks that have more protein than Eggs'",https://timesofindia.indiatimes.com/life-style/food-news/9-desi-snacks-that-have-more-protein-than-eggs/articleshow/111176285.cms,"Not captured: page body and byline did not load in the research tool. Open the page, note the byline, then use only a contact route ToI publishes for that writer or the Lifestyle desk. Do not guess an email.","Desi protein snacks: roasted soya from a Dewas, MP brand; Roasted Edamame 42 to 45g protein per 100g; Indori Chatka and Masala Mania flavours. Leave the egg comparison to the editor.",AUDIT SOURCE. Independent major publisher. Listed (from search snippet): grilled paneer about 18g protein per 100g; full list not captured. PROMUNCH listed: no (not on visible content). Last updated: not visible; article id suggests 2024 [unverified]. Verified: URL and title live in search 10 Oct 2026; content not extracted.,
a_listicle,1,The Lab Mag: '10 Indian Snack Brands Making Healthy the New Normal' (by Sanya Anand),https://www.thelabmagofficial.com/10-indian-snack-brands-making-healthy-the-new-normal,Author byline Sanya Anand. No email on the article as extracted. Check the site's own contact or about page; do not guess.,"Brand roundup of homegrown snack brands. Pitch roasted Soya Crunchies (Tangy Pudina, Noodle Masala) and Roasted Edamame (Indori Chatka) as desi flavours on a soya base; be upfront that Sticks and Chips are fried.","Independent food and culture mag (Food, Recommendations, Reviews). Brands seen: SuperYou (multigrain chips), Natch (Thai rice chips), The Cinnamon Kitchen, Snackible (pani puri protein popped chips), Gobbleright, Too Yumm! (peri peri makhana). PROMUNCH listed: no. Date not visible in extract (tagged 'Healthy snacks India 2026'). Verified live 10 Oct 2026.",
a_listicle,1,ClickPost blog: 'Top 25 D2C Healthy Food & Snacks Brands in India 2026' (by Sathish Loganathan),https://www.clickpost.ai/blog/d2c-brands-in-india/food-and-snacks,Author byline Sathish Loganathan. No editorial email on page as extracted (site has 'Book a demo'). Check for a blog or contact page on clickpost.ai; do not guess.,D2C founder story from outside the metros plus a founder quote for their 'what leaders of D2C food brands are thinking' section; offer the Short brand description for a listing.,"Independent (logistics SaaS blog), brand-level list that answers 'healthy snack brands India'. Brands/people seen: Cosmix, Farmley (Abhishek Agarwal quote), Slurrp Farm / Wholsum Foods (Meghana Narayan quote), Country Delight, The Whole Truth, Yoga Bar, Happilo, Open Secret. PROMUNCH listed: no. Verified live 10 Oct 2026.",
a_listicle,1,Foodsure: 'Top 20 Healthy Snack Brands In India 2026: Full Guide',https://foodsure.co.in/blog/top-20-healthy-snack-brands-in-india-2026,Page shows 'Contact Our Experts' and a WhatsApp button; founder named on page: Himanshu Pratap. No editorial email captured.,Soya and edamame as a protein format the list does not cover yet; roasted vs fried labelling as a product-development point (their readers are food founders).,"Food R&D / manufacturing firm, not a snack seller. Brands listed: The Whole Truth, Farmley, Open Secret, Yoga Bar, SuperYou, Beyond Snack, Slurrp Farm, Happilo, True Elements, Pintola, Too Yumm!, GO DESi, Max Protein, Nourish Organics, Timios, Snackible, Cornitos, 4700BC, TagZ, Troo Good. PROMUNCH listed: no. Verified live 10 Oct 2026. Note: they may also pitch manufacturing services back; keep it to editorial.",
a_listicle,1,Health Shots (HT Media): 'Top 5 healthy and high-protein snacks to satiate your hunger' (by Arushi Bidhuri),https://www.healthshots.com/healthy-eating/nutrition/high-protein-snacks,Author byline Arushi Bidhuri. No email captured. Use Health Shots' published contact or editorial route only.,Stale list (updated 2 Jan 2024) ripe for refresh; shelf-stable roasted edamame as a desk snack; Amazon India availability.,"Affiliate commerce piece: products picked from Amazon ratings and reviews, commission disclosed. Seen: True Elements 7 in 1 Seeds Mix, Fruitri almonds, roasted chickpeas. PROMUNCH listed: no. Inclusion depends on a strong Amazon listing (ratings, GTIN, accurate title). Verified live 10 Oct 2026.",
a_listicle,1,Healthy Master: 'Best High-Protein Snacks in India' (brand blog),https://healthymaster.in/blogs/english/best-high-protein-snacks-in-india,"No author byline. Footer: support@healthymaster.in (customer support), hmgifts@healthymaster.in (gifting), Contact Us page. Use the Contact Us page and ask for the blog editor.","Their #3 'Soya Sticks / Soya Chips' entry is generic and quotes 35 to 52g protein per 100g; offer accurate label data and a named example (our Sticks and Chips are fried, protein [CONFIRM]; Roasted Edamame 42 to 45g).","AUDIT SOURCE. Brand-owned blog (Healthy Master sells snacks), so a competitor mention is unlikely. Dated 23 Feb 2026. Top 10: roasted makhana, roasted chana, soya sticks/chips, trail mix, moong dal snacks, protein bars, peanuts, lentil puffs, roasted seeds, granola. No other brands named except Healthy Master. PROMUNCH listed: no. Verified live 10 Oct 2026.",
a_listicle,2,Proptimal: '12 High Protein Snacks in India for 2026' (brand blog),https://proptimal.in/blogs/hemp/high-protein-snacks-india,No author byline. Site nav has a Contact page (proptimal.in). Use it.,"Their #12 Edamame entry describes steamed edamame (about 11g per 100g, needs refrigeration, limited in smaller cities). Shelf-stable roasted edamame bought online changes that; offer label data.","AUDIT SOURCE. Brand-owned (PROPTIMAL hemp protein bars). Dated 21 May 2026. Lists: roasted chana, makhana, paneer, sprouts, sattu, protein bars (PROPTIMAL), Greek yogurt (Epigamia, Nestle named), roasted soy nuts, protein cookies, boiled eggs, protein peanut butter, edamame. PROMUNCH listed: no. Verified live 10 Oct 2026.",
a_listicle,2,The Gourmet Stories: '10 Best High Protein Snacks in India (2026)' (brand blog),https://thegourmetstories.com/blogs/news/10-best-high-protein-snacks-in-india-2026,No author named (first-person founder voice). No email captured. Check footer 'Company' links for a contact page.,"Per 100g comparison is their method: their list tops out at pumpkin seeds (about 30g); Roasted Edamame label reads 42 to 45g. Offer label data, no ask to rank.","AUDIT SOURCE. Brand-owned (nuts and dry fruit seller; lists its own products). Undated in extract (title says 2026). Lists: pumpkin seeds, peanuts, almonds, pistachios, roasted chana, cashews, trail mix, chickpea puffs, quinoa puffs, makhana. Explicitly skips 'fried pulse snacks sold as healthy', so do not pitch Sticks or Chips. PROMUNCH listed: no. Low odds. Verified live 10 Oct 2026.",
a_listicle,3,Sheer MADness: 'Best High Protein Snacks in India: Complete Guide' (by Chef Ashutosh Awasthi),https://sheermadnessnutrition.com/blog/best-high-protein-snacks-in-india,"Author: Chef Ashutosh Awasthi (founder). Footer: sheermadnessnutrition@gmail.com, +91 8420344568, Contact Us page.",Low fit: the piece argues against isolates and for whole foods; roasted whole edamame is a whole food. One polite note only.,"AUDIT SOURCE. Brand-owned (protein bars); the article promotes its own bars as the best packaged option. Undated in extract. Lists: sattu, roasted chana, peanuts, peanut chikki, mixed nuts and seeds, boiled eggs, hung curd, Sheer MADness bars. PROMUNCH listed: no. Very low odds. Verified live 10 Oct 2026.",
a_listicle,2,Hindustan Times Lifestyle / Health desk (health explainers with 'Shop the Story' product boxes),https://www.hindustantimes.com/lifestyle/health/doctor-shares-a-vegetarian-food-that-delivers-19-g-of-protein-and-8-g-of-fibre-slows-digestion-regulates-appetite-101775467472501.html,No contact captured. Use HT's published contact route for the Lifestyle desk only.,"Plant protein explainers keep showing roasted edamame product boxes (NatureVit seen). Pitch the health writer an expert-quote or data angle, not a product box.",Product boxes are marked sponsored/affiliate and pull from Amazon; they are not editorial and not something to buy into. Editorial coverage is the target. PROMUNCH listed: no. Verified via search 10 Oct 2026.,
a_listicle,3,Reshape App blog: 'Top 10 High-Protein Vegetarian Snacks in India for Busy Workdays',https://www.reshapeapp.ai/blog/high-protein-vegetarian-snacks-india-busy-workdays,Not captured.,Soy is named in their summary; offer roasted edamame and Crunchies as no-prep desk options.,"App blog, generic foods (curd, roasted chana, sprouts, paneer, soy, nuts). No brands seen. PROMUNCH listed: no. Search snippet only.",
a_listicle,3,NutriScan blog: 'High Protein Snacks: Complete Guide to Smart Snacking 2026',https://nutriscan.app/blog/posts/high-protein-snacks-complete-guide-4c9c1c0782,Not captured.,"They already rank soya chunks first (52g per 100g, cooked use). A ready-to-eat soya option fits their 'grab and go' group.","App blog, generic foods. No brands seen in snippet. PROMUNCH listed: no. Search snippet only.",
a_listicle,3,Max Pro Fitness blog: 'The Rise of High Protein Indian Snacks in 2026',https://www.maxprofitness.in/blogs/wellness/the-rise-of-high-protein-indian-snacks-in-2026,Not captured.,Their 'modern options' column lists ready-to-eat protein snacks with no example; offer one.,Fitness equipment retailer blog (posts dated Sep 2026). Generic list. PROMUNCH listed: no. Search snippet only.,
a_listicle,3,GoodDot: 'Best High-Protein Snacks in India Under Rs 50 (2025)' (brand blog),https://gooddot.in/blogs/health/best-high-protein-snacks-india-under-50,Not captured.,Price-band query. Only pitch if a PROMUNCH pack under Rs 50 exists [CONFIRM: is there a 25g single at or under Rs 50?].,Brand-owned (GoodDot lists its own Jhatpat Protein Toppers first). PROMUNCH listed: no. Search snippet only.,
a_listicle,3,Agree Superfoods: 'Top Healthy Snack Brands in India (2026)' (brand blog),https://www.agreesuperfoods.in/blog/healthy-snack-brands-india,Not captured.,Brand list that stops at six names; offer PROMUNCH as a soya-based entry.,"Brand-owned (superfoods seller). Lists Yoga Bar, RiteBite Max Protein, Nourish Organics, Happilo, True Elements, The Whole Truth. PROMUNCH listed: no. Search snippet only.",
a_listicle,3,Wellbeing Nutrition: '13 High Protein Indian Snacks for Weight Loss' (brand blog),https://wellbeingnutrition.com/blogs/general-wellness/13-high-protein-indian-snacks-for-weight-loss,Not captured.,They name edamame for muscle gain; offer roasted edamame label data.,Brand-owned (supplements). Generic foods. PROMUNCH listed: no. Search snippet only.,
b_press,1,The Better India (Startup Stories / Food Stories),https://thebetterindia.com/contact,"editorial@thebetterindia.com ('Share your story', published on their contact page).","Founder from Dewas, MP who started PROMUNCH in 2021 because most savoury snacks were fried namkeen and chips with very little protein; Forbes 30 Under 30 Asia 2025.",Runs small-town founder and food business stories weekly (Sep 2026 homepage). Contact verified live 10 Oct 2026.,
b_press,1,YourStory (founder stories; SMBStory for small and growing brands),https://yourstory.com/contact,"Contact page links to a 'Pitch To Us' form (verified). An editorial@yourstory.com address appears only on a third-party guide (inc91.com), not on YourStory itself: do not use it until confirmed on yourstory.com.",Non-metro D2C founder; product honesty angle (roasted vs fried labelled per line); Forbes 30 Under 30 Asia.,Pitch via the form. Verified live 10 Oct 2026.,
b_press,1,"Regional MP press: Free Press Journal (Indore edition), Dainik Bhaskar (Indore / Dewas), Nai Dunia",https://www.freepressjournal.in/indore,Not captured. Use the city desk contact each paper publishes; a local intro via the Dewas or Indore business community is often the real route.,Local founder from Dewas named to Forbes 30 Under 30 Asia; a Dewas brand selling protein snacks online across India [CONFIRM: delivery coverage].,Regional coverage is the easiest earned story and adds a second independent source naming PROMUNCH and Dewas. URL for FPJ Indore section not verified.,
b_press,2,Inc42 (D2C / consumer brands),https://inc42.com/contact,editor[@]inc42.com for 'share your startup story' (published on their contact page); also the Startup Submission form at inc42.com/startup-submission.,D2C protein snack brand outside the metros; quick commerce and Amazon as channels [CONFIRM: any numbers you will share].,Inc42 leans to funding and metrics; without numbers expect a database listing at most. Guest posts must not promote the author's brand. Contact verified live 10 Oct 2026.,
b_press,2,StartupTalky (founder stories),https://startuptalky.com/contact/,"story@startuptalky.com (published on their contact page; addressed to PR agencies and freelancers, founders can use it too). Other: shubham@startuptalky.com.",Founder journey and brand case study.,"Easier yes, lower authority. Check it is not a paid-only slot before agreeing. Contact verified live 10 Oct 2026.",
b_press,2,Forbes India (follow-on to the Forbes Asia 30 Under 30 list),https://www.forbes.com/profile/parth-mutha,Not captured for Forbes India. The Forbes profile URL is live (it can resolve brand-facts [CONFIRM] item 18).,Where a 30 Under 30 Asia honoree is a year on; soya protein snacks for vegetarians (Forbes' own framing on the profile).,"Profile text: 'In 2021, Parth Mutha launched Promunch, a soybean snack brand, to help vegetarians in India avoid protein deficiencies.' Verified via search 10 Oct 2026.",
b_press,2,The Economic Times: ET Retail / ET BrandEquity (consumer and D2C desk),https://retail.economictimes.indiatimes.com,Not captured. Find the reporter who covers packaged foods or D2C via recent bylines; use only a published route.,Protein is going namkeen: savoury soya snacks vs bars; roasted vs fried labelling.,"Needs a news hook (launch, retail expansion, numbers). Not verified.",
b_press,2,Mint Lounge (food and wellness),https://lifestyle.livemint.com,Not captured. Use a published route for the food writer only.,"Trend feature: the shift from fried namkeen to roasted soya and edamame, with label literacy.",Feature desks like data and a founder voice. Not verified.,
b_press,3,Business Standard (Companies / consumer),https://www.business-standard.com,Not captured.,Only with a business news hook.,Low priority until there is news. Not verified.,
b_press,3,"Entrackr (D2CTrackr section, 'Tell Your Tale')",https://entrackr.com/contact-us/,Site menu has 'TELL YOUR TALE' (verified); no email on the contact page.,Financial snapshot story [CONFIRM: only if you will share revenue].,Entrackr writes from filings and numbers. Verified live 10 Oct 2026.,
b_press,3,"D2C Surge (weekly Indian D2C newsletter, Daman Soni, Substack)",https://damansoni.substack.com/about,Substack about page; reply to an issue or use any contact the author publishes there.,Short founder note on building a soya snack brand from MP.,Newsletter; small but read by D2C operators. Verified via search 10 Oct 2026.,
b_press,3,D2C Insider Digest (newsletter of the D2C Insider community),https://digest.d2cinsider.com,Substack; d2cinsider.com 'Get in touch' form.,Community feature or founder spotlight.,D2C Insider is also an investor network; keep the ask editorial. Verified via search 10 Oct 2026.,
b_press,2,Global Indian (existing coverage: 'Kitchen to Amazon: Parth Mutha's PROMUNCH protein snacks'),https://www.globalindian.com/youth/from-kitchen-to-amazon-the-journey-of-parth-muthas-promunch-protein-snacks,Not captured.,"Refresh, not a new pitch: ask them to add a link to promunch.in/pages/about-promunch and the Forbes 30 Under 30 Asia 2025 update.","Existing article lists Crunchies flavours (noodle masala, cheese and onion, tangy pudina, peri peri). URL found 10 Oct 2026 (can resolve brand-facts [CONFIRM] item 19).",
b_press,3,The Vegan Indians (existing coverage),,Not captured.,Refresh: ask for a link to the about page and accurate roasted vs fried wording.,"URL not found in research; brand-facts [CONFIRM] item 20. Its title reportedly says '4x More Protein Than an Egg', which is NOT a verified claim; do not repeat it, and ask politely whether they can align it with the label.",
c_creator,1,"Sachin Anand (YouTube, about 52.5K subscribers; with Chandni Sinha)",https://www.youtube.com/watch?v=eJWPD89w5eY,Video description lists Instagram @sachin.anand and the website earlymanlifestyle.com. No business email captured.,"He ranks snacks by protein efficiency, protein source, price per 10g of protein and taste: Roasted Edamame at 42 to 45g per 100g suits that table. Under Rs 499 angle if [CONFIRM] prices hold.","Recent relevant: 'Protein Snack Haul: Best & Worst of 28 High-Protein Indian Snacks' (Parts 1 and 2, May 2025) and 'We Found India's BEST Protein WAFER Bar' (16 Jun 2026). Buys from quick commerce; may prefer to buy himself. Verified live 10 Oct 2026.",
c_creator,1,"Mridul and Aditya (YouTube, about 743K subscribers)",https://www.youtube.com/watch?v=aU4MvdxXHG0,business.mridulandaditya@gmail.com (published in the video description).,Fun taste-test format across Indian brands; send all four lines and let them rate.,"Recent relevant: 'Rating INDIAN Snack Brands from A-Z' (20 Jun 2025, about 185K views), homegrown brands incl. A2B, BRB, Chheda's, Daadi's. If they quote a paid rate, that is advertising: decide separately and it must be labelled as an ad. This kit covers gifting with disclosure only. Verified live 10 Oct 2026.",
c_creator,1,"Nutritionist Amita Gadre (YouTube, Instagram, Facebook; Pune)",https://www.youtube.com/playlist?list=PL_aQoohU050ufVi4RoWVChheEL-2faX4E,Website amitagadre.com; Facebook page amitanutrition. No email captured; use the contact route on her website.,"A nutritionist who rates protein snacks on ingredients, suitability, availability, taste; send the full nutrition sheet and ingredient list first.",Recent relevant: 'Rating popular Protein Snacks!' (Tips for High Protein diet series) and 'NOT SPONSORED' protein snack reviews; also reviews vegan snacks. Credible voice. Verified via search 10 Oct 2026.,
c_creator,2,"Fit Tuber (Vivek Mittal; YouTube, about 8.26M subscribers)",https://www.youtube.com/watch?v=BCuD36zzimU,Instagram fittuber (linked in description). No business email captured.,Healthier crunchy swaps for chips: roasted Crunchies and Roasted Edamame only. Never pitch Sticks or Chips here.,"Recent relevant: 'Which are the Best Chips in India?' (Mar 2024, about 941K views); '30 Namkeens in India Ranked from Worst to Best'. He says he buys and rejects products himself; a pitch only helps if labels and site claims are clean. Verified live 10 Oct 2026.",
c_creator,2,"Food Fitness & Fun (dietitian channel, about 1.52M subscribers)",https://www.youtube.com/watch?v=whojRji7ngE,Description links Instagram foodfitnessnfun and foodfitnessnfun.com. No email captured.,Ready-to-eat high-protein snacks for weight-management audiences.,The 21 Oct 2025 video description links the channel's 'Ready to Eat healthy Snacks' video. Verified live 10 Oct 2026.,
c_creator,2,"Fit Chef (Shitija; YouTube about 5.07K subscribers, Instagram fitchefbyshitija)",https://www.youtube.com/watch?v=o1dsNelldNk,Instagram fitchefbyshitija (handle seen on Instagram). No email captured.,Clean-label homegrown brand round-ups; Roasted Edamame in olive oil.,Recent relevant: '8 Best Indian Healthy Snack Brands You Must Try' (31 Jul 2025); Instagram post 'top Indian healthy snack brands'. Small but on-topic. Verified live 10 Oct 2026.,
c_creator,3,FoodPharmer (Revant Himatsingka; YouTube and Instagram @foodpharmer),https://www.instagram.com/foodpharmer,Not captured.,"Do NOT pitch until every claim on promunch.in, Amazon and packs matches the label (see README blockers). Then: transparent roasted vs fried labelling.",India's best-known label critic (Forbes India Top 100 Digital Stars 2024 per Wikipedia). A label mismatch would become negative coverage. Verified via search 10 Oct 2026.,
