product_line,flavour,net_weight,mrp_inr,gtin,status,photo_files,notes
Soya Crunchies,Tangy Pudina,30g,[not visible],8908002854718,VERIFIED,2c2c1ddd-a5af-450a-b265-db3eed130630.JPG,"zxing + OpenCV decode = printed digits; check digit ok. Flavour from pack nutrition (per 30g: 114.8 kcal, protein 15.2g, sugar 2.3g) matching store Tangy Pudina facts + green colour. 30g from 'Serving Size-30g / Servings Per Pack-1'."
Soya Crunchies,Peri Peri,30g (inferred),[not visible],8908002854701,VERIFIED,4520f9dd-a7a4-47de-94e9-bf9830cb5ab6.JPG,"OpenCV decode = printed digits (zxing missed it). Flavour from nutrition (per serve protein 14.3g, sugar 3.7g, sat fat 0.5g) + red colour. Weight inferred: same 30g-serve table design as 2c2c1ddd; table header cropped."
Soya Crunchies,Cheese & Onion,30g (inferred),[not visible],8908002854725,VERIFIED,f6224805-f5e1-4db3-aa84-b2c666584f20.JPG,"Flavour from nutrition (per serve protein 14.7g, sugar 3.2g, sat fat 0.3g) + blue colour. Weight inferred as above."
Soya Crunchies,Noodle Masala,30g (inferred),[not visible],8908002854749,VERIFIED,32f0a55f-860f-46f9-b0c4-5e5cbed848d4.JPG,"Flavour from nutrition (trans fat <0.13, sugar 3.1g, fat 1.6g per serve) + orange colour. Weight inferred as above."
Soya Crunchies,Tangy Pudina (colour only),150g,150,8908002854824,VERIFIED,ad4fbad3-3f0d-4868-8dce-368243fc0abf.JPG,"zxing decode = printed. No flavour text in photo; green pack = Tangy Pudina by colour. USP Rs 1 per g."
Soya Crunchies,Peri Peri (colour only),150g,150,8908002854503,PRINTED-ONLY,e5770a7f-dee9-45a3-baf0-4116051b168d.JPG,"No library decode. Own scanline decode read 11 of 12 encoded symbols matching the print (first left symbol blurred); check digit valid. Crimson red pack = Peri Peri by colour; same hue as the 270g Peri Peri pack."
Soya Crunchies,Noodle Masala (colour + elimination; low confidence),150g,150,8908002854589,VERIFIED,bc3e1815-0605-4e2c-9190-f792ddaf6751.JPG,"zxing decode = printed. Pack is orange-red, clearly more orange than the crimson pack under it in the same photo; with green/blue/red 150g GTINs accounted for, Noodle Masala is the remaining flavour. Confirm against the physical front."
Soya Crunchies,Cheese & Onion (colour only),150g,150,8908002854596,VERIFIED,9696a036-ec51-4081-b192-e694e058884d.JPG,"zxing decode (weak, 2 hits) = printed. Blue pack = Cheese & Onion by colour."
Soya Crunchies,Peri Peri (colour only),270g,260,8908002854787,VERIFIED,d24e40ea-d65d-4744-a77b-f80f778e17f2.JPG,"Also partly visible in ad4fbad3 and e5770a7f (same GTIN, same red pack). USP Rs 0.96 per g."
Soya Crunchies,Cheese & Onion (colour only),270g,260,8908002854800,VERIFIED,349d2a54-460c-44fe-9426-c69fcefce7fd.JPG,"Blue pack. USP Rs 0.96 per g."
Soya Crunchies,Noodle Masala (colour only),270g,260,8908002854794,VERIFIED,c805b46f-6c7d-4b7b-b6c7-12c9d523a598.JPG,"Orange pack. USP Rs 0.96 per g. Pack says 270g (resolves Shopify handle '300-g' vs 270g: label is 270g)."
Soya Sticks,Cream & Onion,100g,150,8908002854398,PRINTED-ONLY,14cc8cab-55b2-4595-83cc-49095dbeed24.JPG,"Photo too blurry for any decoder; printed digits legible and check digit valid. Identified by pack text 'ALSO AVAILABLE IN CHATPATA MASALA FLAVOUR' + magenta colour (store Cream & Onion jar). Older/different artwork (VIPPY logo, 'GRADE 84 IV' badge, USP Rs 1.50 per g)."
Soya Sticks,Cream & Onion (colour only),30g,[not visible],8908002854619,VERIFIED,e9a9a4f0-7602-4722-8255-1f0db9edab25.JPG,"Magenta, same hue as 14cc8cab. 30g from 'Serving Size - 30g / Serving Per Pack - 1'. Protein 14.2g/100g, fat 21.66g/100g."
Soya Sticks,Chatpata Masala,30g,[not visible] (USP Rs 1 per g),8908002854602,VERIFIED,2bd3b99a-08ba-415b-bf18-fbe7d9bc76ca.JPG,"Purple pack; ingredient fragment '...k Pepper, Tomato Powder, ...il (Ricebran)' fits the Chatpata Masala seasoning. 30g from 'Serving Per Pack - 1 / Per Serve (30 g)'."
Soya Sticks,Chatpata Masala (colour only),100g,150,8908002854381,VERIFIED,6de7eb12-36b5-490f-9483-2d5918c82a80.JPG,"Purple pack, same design family as 2bd3b99a. USP Rs 1.5."
Fried line (Soya Sticks or Soya Chips),UNIDENTIFIED (pink pack),30g,[not visible],8908002854367,VERIFIED,1a50ecc6-2a68-406f-bdc9-9904c80569e2.JPG,"Repacked by VIPPY / made by Aggarwal Food Products. No flavour or product text visible. One of pink/maroon is probably Soya Chips Peri Peri; not identifiable from these photos."
Fried line (Soya Sticks or Soya Chips),UNIDENTIFIED (pink pack),100g,150,8908002854138,VERIFIED,c53cca8e-50ef-4fc1-a11f-0ea86c0365a3.JPG,"Same pink as 1a50ecc6. No flavour text visible."
Fried line (Soya Sticks or Soya Chips),UNIDENTIFIED (maroon pack),30g,[not visible],8908002854978,VERIFIED,ba25ca6f-d173-470f-9af9-c5a7b09fdd20.JPG,"Maroon/deep red. No flavour text visible. Fourth fried-line colour; the repo lists only 3 fried SKUs (Sticks x2, Chips Peri Peri), so this could be a SKU not in the D2C catalogue (e.g. B2B-only chips). Ask the owner."
Fried line (Soya Sticks or Soya Chips),UNIDENTIFIED (maroon pack),100g,150,8908002854404,VERIFIED,f6f2ec4e-c7b9-4a15-82ee-438f83d414b0.JPG,"Same maroon as ba25ca6f. No flavour text visible."
Roasted Edamame,Himalayan Rock Salt,[blank on pack],[blank on pack],8908002854534,VERIFIED,87cb7a68-6ec0-419f-8300-137f63235cbf.JPG,"Ingredients 'Edamame Beans, Himalayan Rock Salt, Olive Oil'. Net weight/MRP fields printed blank (sticker or ink-jet). Same nutrition as 8908002854930, so these are 2 pack sizes or 2 print runs. Size unknown."
Roasted Edamame,Himalayan Rock Salt,[blank on pack],[blank on pack],8908002854930,VERIFIED,6c801539-b63c-4efd-9a91-d104c0501a4c.JPG,"Same ingredients and nutrition as 8908002854534; has 'InstaPac' printer mark. Size unknown: check which GTIN is the 100g vs 25g mini pack."
Roasted Edamame,Indori Chatka (colour + ingredients),[blank on pack],[blank on pack],8908002854527,VERIFIED,9cc08130-0df6-4032-9c42-910caffb08da.JPG,"Purple; chatpata spice ingredients (black salt, amchur, pippali...). Same nutrition as 8908002854923. Size unknown."
Roasted Edamame,Indori Chatka (colour + ingredients),[blank on pack],[blank on pack],8908002854923,VERIFIED,4f6c8555-3d1d-4cf1-8113-20367d8e96bc.JPG,"Same ingredients and nutrition as 8908002854527; 'InstaPac' mark. Size unknown."
Roasted Edamame,Masala Mania (colour + ingredients),[blank on pack],[blank on pack],8908002854510,VERIFIED,3c805e77-e919-4f21-8dfd-10afe96b2f9e.JPG,"Orange; onion/garlic/ginger masala ingredients. Same nutrition as 8908002854916. Size unknown."
Roasted Edamame,Masala Mania (colour + ingredients),[blank on pack],[blank on pack],8908002854916,VERIFIED,1ca93bb8-0907-45ae-8111-a797489a2313.JPG,"Same ingredients and nutrition as 8908002854510. Size unknown."
Roasted Edamame (inferred),Indori Chatka (colour only),150g,250,8908002854954,VERIFIED,6bb7c425-99ef-4c4b-b61b-06b177ce244e.JPG,"Different artwork from the edamame packs above (front text 'CRU... / HIGH... / RICH...'). Imported, origin China, as the edamame packs. Purple. USP Rs 1.6. Ink-jet: MFG 07/10/2026, USE BY 06/04/2027, batch 0710. Product name not visible: confirm it is edamame."
Roasted Edamame (inferred),Masala Mania (colour only),150g,250,8908002854213,VERIFIED,6477c7cb-4958-400c-bc5e-3191c0f23c73.JPG,"Same 150g artwork; orange. Also partly visible under 6bb7c425. Confirm product name."
Roasted Edamame (inferred),Himalayan Rock Salt (colour only),150g,250,8908002854350,VERIFIED,e292d8e5-6a80-468c-8007-62dac9606087.JPG,"Same 150g artwork; teal. Confirm product name."
